Date,Module,T,P,S,F,I,KI,, ,Date,Module,T,P,S,F,I,KI,, ,Date,Module,T,P,S,F,I,KI,, ,Date,Module,T,P,S,F,I,KI,, ,Date,Module,T,P,S,F,I,KI
24-July-2025,dsl,163,0,160,3,0,0,,,23-July-2025,auth,254,184,6,64,0,0,,,22-July-2025,auth,254,142,72,40,0,0,,,21-July-2025,auth,254,184,6,64,0,0,,,20-July-2025,auth,254,142,72,40,0,0
,,,,,,,,,,23-July-2025,esignet,375,283,33,32,27,0,,,22-July-2025,esignet,375,264,48,36,27,0,,,21-July-2025,esignet,375,265,42,41,27,0,,,20-July-2025,esignet,375,262,46,40,27,0
,,,,,,,,,,23-July-2025,injiverify,8,8,0,0,0,0,,,22-July-2025,idrepo,152,101,0,0,51,0,,,21-July-2025,idrepo,152,101,0,0,51,0,,,20-July-2025,idrepo,152,101,0,0,51,0
,,,,,,,,,,23-July-2025,mimoto,37,22,1,4,10,0,,,22-July-2025,injiverify,8,6,0,2,0,0,,,21-July-2025,injiverify,8,6,0,2,0,0,,,20-July-2025,injiverify,8,6,0,2,0,0
,,,,,,,,,,23-July-2025,resident,372,186,44,142,0,0,,,22-July-2025,masterdata-ara,244,217,7,20,0,0,,,21-July-2025,masterdata-ara,244,217,7,20,0,0,,,20-July-2025,masterdata-ara,244,217,7,20,0,0
,,,,,,,,,,23-July-2025,dsl,163,1,160,2,0,0,,,22-July-2025,masterdata-eng,244,224,7,13,0,0,,,21-July-2025,masterdata-eng,244,224,7,13,0,0,,,20-July-2025,masterdata-eng,244,224,7,13,0,0
,,,,,,,,,,,,,,,,,,,,22-July-2025,masterdata-fra,244,217,7,20,0,0,,,21-July-2025,masterdata-fra,244,216,7,21,0,0,,,20-July-2025,masterdata-fra,244,217,7,20,0,0
,,,,,,,,,,,,,,,,,,,,22-July-2025,masterdata-hin,244,210,7,27,0,0,,,21-July-2025,masterdata-hin,244,210,7,27,0,0,,,20-July-2025,masterdata-hin,244,209,7,28,0,0
,,,,,,,,,,,,,,,,,,,,22-July-2025,masterdata-kan,244,210,7,27,0,0,,,21-July-2025,masterdata-kan,244,210,7,27,0,0,,,20-July-2025,masterdata-kan,244,210,7,27,0,0
,,,,,,,,,,,,,,,,,,,,22-July-2025,masterdata-tam,244,210,7,27,0,0,,,21-July-2025,masterdata-tam,244,210,7,27,0,0,,,20-July-2025,masterdata-tam,244,210,7,27,0,0
,,,,,,,,,,,,,,,,,,,,22-July-2025,mimoto,37,22,1,4,10,0,,,21-July-2025,mimoto,37,23,1,3,10,0,,,20-July-2025,mimoto,37,21,1,5,10,0
,,,,,,,,,,,,,,,,,,,,22-July-2025,partner,287,219,39,29,0,0,,,21-July-2025,partner,287,219,39,29,0,0,,,20-July-2025,partner,287,219,39,29,0,0
,,,,,,,,,,,,,,,,,,,,22-July-2025,prereg,104,3,70,30,0,1,,,21-July-2025,prereg,104,3,70,30,0,1,,,20-July-2025,prereg,104,3,70,30,0,1
,,,,,,,,,,,,,,,,,,,,22-July-2025,resident,372,115,85,172,0,0,,,21-July-2025,dsl,163,1,160,2,0,0,,,20-July-2025,dsl,163,1,160,2,0,0
,,,,,,,,,,,,,,,,,,,,22-July-2025,dsl,163,1,160,2,0,0,,,,,,,,,,,,,,,,,,,,
